{
    "name": "Testing",
    "version": "1.0.0",
    "components": [
        {
            "component_class": "rdv.component.NumericComponent",
            "component": {
                "name": "patch_similarity",
                "extractor_class": "rdv.extractors.vision.similarity.FixedSubpatchSimilarity",
                "extractor_state": {
                    "patch": {
                        "x0": 51,
                        "y0": 50,
                        "x1": 248,
                        "y1": 242
                    },
                    "refs": [
                        "aa85a5ca9e691e74",
                        "a8f0919f8a1b49dd",
                        "f8a581dc9adb58c8",
                        "ad1f901eca790967",
                        "a885859a9e799b65",
                        "a8b4919f8a3b59c9",
                        "ae03913eda38c973",
                        "f994c29bcf6c8c30",
                        "a8c3a78b9a6f1934",
                        "af95f0cbc34c8f20"
                    ],
                    "nrefs": 10
                },
                "stats": {
                    "min": 0.0,
                    "max": 28.0,
                    "mean": 14.406,
                    "std": 4.280360438734743,
                    "pinv": 0.0,
                    "hist": [
                        0.005357142857142858,
                        0.0025,
                        0.026428571428571437,
                        0.035714285714285705,
                        0.05678571428571427,
                        0.13250000000000015,
                        0.053571428571428555,
                        0.03964285714285713,
                        0.0032142857142857134,
                        0.0014285714285714281
                    ]
                }
            }
        },
        {
            "component_class": "rdv.component.NumericComponent",
            "component": {
                "name": "sharpness",
                "extractor_class": "rdv.extractors.vision.sharpness.Sharpness",
                "extractor_state": {},
                "stats": {
                    "min": 371.37757880876546,
                    "max": 637.3047229506172,
                    "mean": 483.98498592075566,
                    "std": 44.31690441644067,
                    "pinv": 0.006,
                    "hist": [
                        0.00037831272191122357,
                        0.0011727694379247953,
                        0.009230830414633854,
                        0.0068474602665931465,
                        0.00745276062165112,
                        0.007906735887944554,
                        0.003064333047480917,
                        0.0011727694379247953,
                        7.566254438224487e-05,
                        0.00030265017752897813
                    ]
                }
            }
        },
        {
            "component_class": "rdv.component.NumericComponent",
            "component": {
                "name": "intensity",
                "extractor_class": "rdv.extractors.vision.intensity.AvgIntensity",
                "extractor_state": {},
                "stats": {
                    "min": 125.35337777777778,
                    "max": 158.19793333333334,
                    "mean": 149.83864016666664,
                    "std": 6.389367917156364,
                    "pinv": 0.013,
                    "hist": [
                        0.0018508478050009284,
                        0.00215932243916775,
                        0.003084746341668214,
                        0.005861018049169607,
                        0.034549159026684,
                        0.03640000683168492,
                        0.003701695610001825,
                        0.05675933268669514,
                        0.1024135785433847,
                        0.0576847565891956
                    ]
                }
            }
        }
    ]
}