{
    "name": "Testing",
    "version": "1.0.0",
    "features": [
        {
            "feature_class": "rdv.feature.FloatFeature",
            "feature": {
                "name": "patch_similarity",
                "extractor_class": "rdv.extractors.vision.similarity.FixedSubpatchSimilarity",
                "extractor_state": {
                    "patch": {
                        "x0": 99,
                        "y0": 81,
                        "x1": 163,
                        "y1": 145
                    },
                    "refs": [
                        "c77ce3ccb1468893",
                        "9d6ed8938e5c98b0",
                        "8778e39cb164d8b1",
                        "af78c79863460997",
                        "8f71c790478c978e",
                        "def1c480874c9bbc",
                        "ac71ce90874c9bb6",
                        "ae71e6d0a3444ba7",
                        "9c62cc80069fbfbc",
                        "be718e90479cb8b4"
                    ],
                    "nrefs": 10
                },
                "stats": {
                    "min": 0.0,
                    "max": 36.0,
                    "mean": 12.854,
                    "std": 7.029842387991355,
                    "pinv": 0.0,
                    "percentiles": [
                        0.0,
                        1.9800000000000004,
                        4.0,
                        4.0,
                        4.0,
                        4.0,
                        6.0,
                        6.0,
                        6.0,
                        6.0,
                        6.0,
                        6.0,
                        6.0,
                        6.0,
                        6.0,
                        6.0,
                        6.0,
                        8.0,
                        8.0,
                        8.0,
                        8.0,
                        8.0,
                        8.0,
                        8.0,
                        8.0,
                        8.0,
                        8.0,
                        8.0,
                        8.0,
                        8.0,
                        8.0,
                        8.0,
                        8.0,
                        9.340000000000032,
                        10.0,
                        10.0,
                        10.0,
                        10.0,
                        10.0,
                        10.0,
                        10.0,
                        10.0,
                        10.0,
                        10.0,
                        10.0,
                        10.0,
                        10.0,
                        10.0,
                        10.0,
                        10.0,
                        10.0,
                        10.0,
                        10.0,
                        10.940000000000055,
                        12.0,
                        12.0,
                        12.0,
                        12.0,
                        12.0,
                        12.0,
                        12.0,
                        12.0,
                        12.0,
                        12.0,
                        12.0,
                        12.0,
                        14.0,
                        14.0,
                        14.0,
                        14.0,
                        14.0,
                        14.0,
                        14.0,
                        16.0,
                        16.0,
                        16.0,
                        16.0,
                        16.0,
                        18.0,
                        18.0,
                        18.0,
                        18.0,
                        20.0,
                        20.0,
                        20.0,
                        22.0,
                        22.0,
                        24.0,
                        24.0,
                        24.0,
                        24.0,
                        26.0,
                        26.0,
                        26.0,
                        26.0,
                        28.0,
                        28.0,
                        30.0,
                        30.0,
                        32.0,
                        36.0
                    ]
                }
            }
        },
        {
            "feature_class": "rdv.feature.FloatFeature",
            "feature": {
                "name": "sharpness",
                "extractor_class": "rdv.extractors.vision.sharpness.Sharpness",
                "extractor_state": {},
                "stats": {
                    "min": 368.60282966469134,
                    "max": 740.9385578961729,
                    "mean": 483.98498592075566,
                    "std": 44.29474042184786,
                    "pinv": 0.0,